<?xml version="1.0" encoding="UTF-8"?>
<project-private xmlns="http://www.netbeans.org/ns/project-private/1">
    <editor-bookmarks xmlns="http://www.netbeans.org/ns/editor-bookmarks/2" lastBookmarkId="0"/>
    <open-files xmlns="http://www.netbeans.org/ns/projectui-open-files/2">
        <group>
            <file>file:/opt/lampp/htdocs/Project/download.php</file>
            <file>file:/opt/lampp/htdocs/Project/home.php</file>
            <file>file:/opt/lampp/htdocs/Project/studentResults.php</file>
            <file>file:/opt/lampp/htdocs/Project/newAssignment.php</file>
            <file>file:/opt/lampp/htdocs/Project/newStudent.php</file>
            <file>file:/opt/lampp/htdocs/Project/newTeacher.php</file>
            <file>file:/opt/lampp/htdocs/Project/studentLogin.php</file>
            <file>file:/opt/lampp/htdocs/Project/teacherHomePage.php</file>
            <file>file:/opt/lampp/htdocs/Project/teacherResults.php</file>
            <file>file:/opt/lampp/htdocs/Project/test3.php</file>
            <file>file:/opt/lampp/htdocs/Project/test.php</file>
            <file>file:/opt/lampp/htdocs/Project/tableToExcel.js</file>
            <file>file:/opt/lampp/htdocs/Project/editor.php</file>
            <file>file:/opt/lampp/htdocs/Project/test.html</file>
            <file>file:/opt/lampp/htdocs/Project/newTestCases.php</file>
            <file>file:/opt/lampp/htdocs/Project/studentHomePage.php</file>
        </group>
    </open-files>
</project-private>
